{
  "manifest": {
    "apis": {
      "custom": {
        "endpoint": {
          "uri": "arn:aws:lambda:us-east-1:765677352611:function:6695788d-343a-411a-834c-2cf837fd19e2:Release_0"
        },
        "interfaces": [
          {
            "type": "VIDEO_APP"
          },
          {
            "minimumTemplateVersion": "1.0",
            "type": "RENDER_TEMPLATE"
          },
          {
            "type": "AUDIO_PLAYER"
          },
          {
            "supportedViewports": [
              {
                "maxHeight": 480,
                "maxWidth": 480,
                "minHeight": 480,
                "minWidth": 480,
                "mode": "HUB",
                "shape": "ROUND"
              },
              {
                "maxHeight": 600,
                "maxWidth": 1024,
                "minHeight": 600,
                "minWidth": 1024,
                "mode": "HUB",
                "shape": "RECTANGLE"
              },
              {
                "maxHeight": 800,
                "maxWidth": 1280,
                "minHeight": 800,
                "minWidth": 1280,
                "mode": "HUB",
                "shape": "RECTANGLE"
              },
              {
                "maxHeight": 540,
                "maxWidth": 960,
                "minHeight": 540,
                "minWidth": 960,
                "mode": "TV",
                "shape": "RECTANGLE"
              },
              {
                "maxHeight": 480,
                "maxWidth": 960,
                "minHeight": 480,
                "minWidth": 960,
                "mode": "HUB",
                "shape": "RECTANGLE"
              }
            ],
            "type": "ALEXA_PRESENTATION_APL"
          }
        ]
      }
    },
    "manifestVersion": "1.0",
    "permissions": [],
    "publishingInformation": {
      "category": "KNOWLEDGE_AND_TRIVIA",
      "distributionCountries": [],
      "isAvailableWorldwide": true,
      "locales": {
        "it-IT": {
          "description": "Sample Full Description",
          "examplePhrases": [
            "Alexa open hello world",
            "hello",
            "help"
          ],
          "keywords": [],
          "name": "Fiiitbot",
          "summary": "Sample Short Description"
        }
      },
      "testingInstructions": "Sample Testing Instructions."
    }
  }
}